{
  "errors.code.card_declined": "Your card has been declined.",
  "errors.code.expired_card": "Your card has expired.",
  "errors.code.incomplete_card": "Please fill in your card details.",
  "errors.code.incomplete_cvc": "Your card's security code is incomplete.",
  "errors.code.incomplete_expiry": "Your card's expiration date is incomplete.",
  "errors.code.incomplete_iban": "Your IBAN is incomplete.",
  "errors.code.incomplete_number": "Your card number is incomplete.",
  "errors.code.incomplete_zip": "Your postal code is incomplete.",
  "errors.code.incorrect_cvc": "Your card's security code is incorrect.",
  "errors.code.incorrect_number": "Your card number is incorrect.",
  "errors.code.incorrect_zip": "Your card number and postal code do not match.",
  "errors.code.invalid_cvc": "Your card's security code is invalid.",
  "errors.code.invalid_expiry_month": "Your card's expiration date is invalid.",
  "errors.code.invalid_expiry_month_past": "Your card's expiration date is in the past.",
  "errors.code.invalid_expiry_year": "Your card's expiration year is invalid.",
  "errors.code.invalid_expiry_year_past": "Your card's expiration year is in the past.",
  "errors.code.invalid_iban": "Your IBAN is invalid.",
  "errors.code.invalid_number": "Your card number is invalid.",
  "errors.code.processing_error": "An error occurred while processing your card. Try again in a little bit.",
  "errors.code.process_error_intransient": "An error occurred while processing your card.",
  "errors.code.unexpected": "An unexpected error occurred.",
  "errors.declines.currency_not_supported": "Your card is not supported for this currency.",
  "errors.declines.live_mode_test_card": "Your card was declined. Your request was in live mode, but used a known test card.",
  "errors.type.api_connection_error": "We are experiencing issues connecting to our payments provider. You have not been charged. Please check your internet connection and try again."
}
